Customer_ID,Customer_name
1,David Padilla
2,Connor Morgan
3,Robert Stone
4,John Fields
5,Clayton Smith
6,Richard Kelley
7,Jacqueline Hubbard
8,Jessica Anderson
9,Mary Taylor
10,Walter Crawford
11,Lawrence Robinson
12,Douglas Pennington
13,Ricardo Andrews
14,Paul Raymond
15,Karen Johnson
16,Juan Erickson
17,Alexander Reed
18,Jacqueline Harris
19,Tyler Park
20,Richard Wolfe
21,Sierra Rios
22,Jessica Richardson
23,Kimberly Warren
24,Casey Garcia
25,Denise Hampton
26,Justin Rodriguez
27,Ms. Emily Baxter
28,Austin White
29,Morgan Montes
30,Christine Mosley
31,Ashley Rodriguez
32,Elizabeth King
33,Connie Holmes
34,Melissa Peck
35,David Smith
36,Jacqueline Harris
37,Heather Jenkins
38,Kelsey Castaneda
39,Katherine Harris
40,Paul Rogers
41,Jon Banks
42,Michelle Williams
43,Andrew Allen
44,Vanessa Bauer
45,Sean Smith
46,Shelly Sweeney
47,Emily Gill
48,Brian Patrick
49,Dr. Sarah Booth
50,Douglas Mcfarland
51,Kayla Ross
52,Marc Strickland
53,Charlene Brown
54,Charles Smith
55,Karen Townsend
56,Steven Cox
57,Cynthia Rodriguez
58,Jessica Baker
59,Mark Blackburn
60,Zachary Perez
61,Brian Green
62,Becky Leach
63,Bryan Russell
64,Tony Maddox
65,Jason Randolph
66,Laura Andrews
67,Mrs. Stephanie Hooper
68,Anthony Evans
69,Patrick Williams
70,Susan Burke
71,Brent Hernandez
72,Sean Elliott
73,Wanda West
74,Renee Solomon
75,Daryl Miles
76,Michael Hunt
77,Adam Clark
78,Amy Olsen
79,Stacey Miller
80,Daniel Mosley
81,Monica Gibson
82,Christopher Jordan
83,Christina Davis
84,Claudia Curry
85,Brandon Anderson
86,George Foster
87,Nicholas Anderson
88,Emily Ellison
89,Darren Perez
90,Michelle Hunter
91,Janet Guerrero
92,Jeffrey Kline
93,Ryan Bullock
94,Tom Lawson
95,Rebecca Smith
96,William Welch
97,Mr. Curtis Bailey
98,Janet Carlson
99,Spencer Spears
100,Jeffrey Middleton
101,Veronica Kelley
102,Leslie Bean
103,Amy Wilson
104,Susan Ramirez
105,Jacob Meyer
106,Scott Lewis
107,Eric Griffith
108,Anna Ferguson
109,David Figueroa
110,Theresa Medina
111,Mary Smith
112,Lance Cain
113,Alexandra Moran
114,Sara Castro
115,Shawn Leach
116,Mark Boyle
117,John Stevens
118,Lisa Graham
119,Nancy Jones
120,Darryl Robbins
121,Kimberly Smith
122,Maria Thomas
123,Nicholas Johnson
124,Dawn Howard
125,Jennifer Marshall
126,Frank Garcia
127,Terri Madden
128,James Gutierrez
129,Morgan Sellers
130,Caitlin Thomas
131,Kimberly Greene
132,Tammy Anthony
133,Jennifer Chase
134,Cassandra Farley
135,Justin Vasquez
136,Melissa Morales
137,Tyler Thompson
138,Heidi Davis
139,Charles Lane
140,Joyce Good MD
141,Maria Miller
142,Terry Mcdaniel
143,Lisa Jacobs
144,Jeff Duncan
145,Pamela Jones
146,Renee Robinson
147,Jessica Kidd
148,Nicholas Martin
149,David Brown
150,Amber Moore
151,James Williams
152,Karina Barr
153,Meghan Rush
154,Bianca Brown
155,Timothy Jensen
156,Melinda Montoya
157,Tammy Bell
158,Connie Richards
159,Peter Ward
160,Jonathan Alvarez
161,Becky Hodges
162,Larry Hill
163,Amber Moon
164,Cynthia Wilcox
165,Rebecca Wright
166,Sarah Flores
167,Carol Norman
168,Stephanie Gardner
169,Philip Baker
170,Randall Dennis
171,Suzanne Cross
172,Jasmine Delgado
173,Kristen Harper
174,Kaitlyn Graham MD
175,Dean Avila
176,Megan Mack
177,Heather Johnson
178,Tina Davies
179,Matthew Harris
180,Christopher Kirk
181,Eric Stevens
182,James Dickerson
183,James Jones
184,Hannah Hendricks
185,Brett Mullins
186,Ms. Kim Jordan
187,Marcus Santiago
188,Jill Perez
189,Courtney Williams
190,Jordan Hahn
191,William Cook
192,Stephanie Hayes
193,Melissa Wise
194,Elizabeth Gonzalez
195,Mr. Eric Lopez
196,Benjamin Higgins
197,Brett Sutton
198,Anna Blackburn
199,Michelle Bailey
200,Sara Peterson
201,Katherine Williams
202,Cory Evans
203,Michael Rodriguez
204,John Munoz
205,David Clark
206,April Welch
207,Alan Livingston
208,Angela Jackson
209,Amy Williams
210,Laura Jordan
211,Richard Maynard
212,Lawrence Oliver
213,Anthony Williams
214,Lynn Matthews
215,Andrew Griffin
216,Megan Williams
217,Alison Martin
218,Samuel Wallace
219,Manuel Stark
220,William Villarreal
221,Brandon Kirk
222,Abigail Brown
223,Kristine Carter
224,Wesley Deleon
225,Laura Cole
226,Lauren Harris
227,Cameron Miller
228,Jacob Carpenter
229,Pamela Callahan DVM
230,William Ruiz
231,Paula Marshall
232,Natalie Cox
233,Andrew Fernandez
234,Alisha Saunders
235,Travis Chandler DDS
236,Russell Austin
237,Collin Cameron
238,Elizabeth Hernandez
239,William Russell
240,Sheri Berg
241,Anthony Barnett
242,Kaitlyn Flores
243,Rebecca Owen
244,Michael Bell
245,Willie Huynh
246,Samuel Hayes
247,Sherry Tran
248,Heather Gray
249,Benjamin Meadows
250,Micheal Graham
251,Jean Jackson
252,Timothy Murphy
253,Mrs. Jennifer Lewis
254,Bryan Brown
255,Christopher Johnson
256,Christina Conner
257,Luis Luna
258,Julie Chavez
259,Richard Blair
260,Mitchell Lester
261,Mr. John Tyler PhD
262,Juan Kelly
263,Morgan Mccarthy
264,Morgan Sullivan
265,Eric Clark
266,Mark Padilla
267,Anthony Lane
268,Jeffrey Henderson
269,Michelle Hardy
270,Ms. Barbara Cervantes
271,Steven Proctor
272,Shannon Patterson
273,William Valdez
274,Laura Yu
275,Jonathan Mcmillan
276,Austin Davis
277,Mark Roy
278,Jillian Williams
279,Rebekah Carter
280,Jonathan Reed
281,Roger Harris
282,Louis Jimenez
283,Jessica Jones
284,Renee Gomez
285,Connie Olson
286,Christian Jones
287,Matthew Kelley
288,Candace Martinez
289,Jacob Mann
290,Keith Reese
291,Aaron Jones
292,Christopher Brooks
293,Charles Moore
294,Manuel Walls
295,Darren Moore
296,Stephanie Thomas
297,Kristy Hernandez
298,Randy Johnson
299,James Benitez
300,Donald York
301,Tiffany Parker
302,Melissa Mcknight
303,Mr. Jack Mercado
304,Christian Jones
305,Rachel Fisher
306,Donald Moore
307,William Wu
308,Jesus Zuniga
309,Michael Gallegos
310,Robert Daniels
311,Jill Jones
312,Elizabeth Miller
313,Sabrina Clark
314,Larry Casey
315,Daniel Burns
316,James Tanner
317,Leonard Gonzalez
318,Richard Lee
319,Matthew Schroeder
320,Marcus Flores
321,Tonya Long
322,Michael Chambers
323,Kaylee Glover
324,Pamela Patterson
325,Ronald Mckinney
326,James Hart
327,Rhonda Harris
328,Randy Fisher
329,James Hernandez
330,Brenda Murphy
331,Andrew Kirby
332,Justin Thomas
333,Jillian Johnson MD
334,William Martin
335,Mark Dixon
336,Alicia Allen
337,Cynthia Meyer
338,Brandon Norton
339,Christina Scott
340,Andrew Macias
341,Alejandro Williams
342,Mark Rodriguez
343,Sarah Montgomery
344,Marisa Prince
345,James Bonilla
346,Robin Myers
347,Nancy Sanchez
348,Sydney Walls
349,Deborah Hoffman
350,Megan Williams
351,Shane Clark
352,Steven Haynes
353,Kimberly Fuller
354,Angela Lyons
355,Betty Tucker
356,Brianna Hunt
357,Cathy Clark
358,Nicole Warren
359,Richard Castaneda
360,Sarah Torres
361,Vanessa Deleon
362,Richard Lyons
363,Eric Adams
364,Chad Brown
365,Kayla Becker
366,Ashley Freeman
367,Scott Harris
368,John James
369,Jesse Bond
370,Brandon Hughes
371,Lynn Reynolds
372,Ronald Good
373,Kyle Baker
374,Michael Rivera
375,Lori Adkins
376,Luis Warner
377,Donald Perry
378,Adam Stevens
379,Kimberly Johnson
380,Kelly Jones
381,Ashley Petty
382,Crystal Ross
383,Alexis Duffy
384,Stephanie Sanchez
385,Reginald Espinoza
386,Sandra Hicks
387,Olivia Orozco
388,Larry Moore
389,Mrs. Rachel Cannon DDS
390,Daniel Flowers
391,Randy Acosta
392,Deborah Williams
393,Robert Michael
394,Danny Ramirez
395,Stephen Baker
396,Jeffrey Wilcox
397,James Clarke
398,Julia Gallagher
399,Ronald Frey Jr.
400,Megan Charles
401,Amy Duran MD
402,Christopher Thomas
403,Peter Castro
404,Steven Acosta
405,Lindsay Jackson
406,Kelly Smith
407,Sabrina Hartman
408,Cynthia Smith
409,Olivia Dickerson
410,Whitney Stout
411,Stephanie Flores
412,Gregory English
413,Natalie Maxwell
414,Tina Blake
415,Clarence Cooke
416,Tamara Guzman
417,Marissa Hartman
418,Sara Garcia
419,Kathryn Rogers
420,Kyle Dickson
421,Jacob Decker
422,Aaron Johnson
423,William Morse
424,Carrie Smith
425,Vincent Roth
426,Andrew Benson
427,Jason Wilson
428,Colin Patterson
429,Eric Bates
430,Steven Keith
431,Seth Rodriguez
432,Lauren Jones
433,Thomas Wallace
434,Mr. Daniel Wilson
435,Julie Smith MD
436,Carol Mitchell
437,John Thompson
438,Debra Rodriguez
439,Erin Vasquez
440,Clayton Lara
441,Tony Ray
442,Steven Frey
443,Stephanie Leonard
444,Crystal Chambers
445,Robert White
446,Sylvia Barron
447,Marcus Brown
448,Annette Pierce
449,Donald Hernandez
450,Megan Davis
451,Robert Brooks
452,Miguel Alvarez
453,Jennifer Arnold
454,Jessica Blankenship
455,Peggy Campos
456,Craig Ortega
457,Johnny Simon
458,Keith Brooks
459,Jason Martinez
460,Steven Herrera
461,Beverly Lamb
462,Michael Williams
463,Zachary Carpenter
464,Timothy Baker
465,Adam James
466,Katrina Wood
467,James Murray
468,Mr. Nathaniel Reeves
469,Jodi Wood
470,Dr. Thomas Peterson
471,Mario Hall
472,Justin Rosales
473,Autumn Lee
474,Victoria Duran
475,Barry Garcia
476,Dawn Webb
477,Patricia Sanford
478,William Walters
479,Emma Scott
480,Sabrina Buckley
481,Robert Rojas
482,Eric Johnson
483,Heather Parker
484,Thomas Matthews
485,Kimberly Beard
486,Lydia Donovan
487,Edward Johnson
488,Ricky Smith
489,Mr. Ralph Garcia Jr.
490,Malik Walker
491,Tanya Walker
492,Sherri Ferguson DVM
493,Kristin Hart
494,Jim Johnson
495,David Hamilton
496,Michael Jimenez
497,Angela Norman
498,Denise Mcdaniel
499,Michael Rodriguez
500,Matthew Huff
501,Linda Little
502,Kerri Andrews
503,Jeffrey Johnson III
504,Daniel Dixon
505,Tiffany Robinson
506,Mr. Gregg Sawyer
507,John Silva
508,Nathan Moss
509,Donald Medina
510,Charles Henderson
511,Brenda Davis
512,Leah Calderon
513,Brandi Vasquez
514,Debra Richards
515,Tammy Day
516,Sheila Clay
517,Nicholas Flores
518,Jasmin Jones
519,Matthew Gardner
520,Joseph Perkins
521,Ashley Adams MD
522,Cheryl Stevens
523,Jorge George
524,Ann Mooney
525,James Mendoza
526,Kaitlin Garrison
527,Jeremy Jackson
528,Dale Craig
529,Joseph Hooper
530,Alexander Adams
531,Ashlee Mills
532,Brittany Jenkins
533,Eddie Gonzales
534,Edward Valencia
535,Emma Bruce
536,Carl Wade DDS
537,Brandon Alvarado
538,Jennifer Clark
539,David Johnson
540,April Marquez
541,Joseph Guerrero
542,Michael Hanson
543,William Hill
544,Kelsey Huber
545,Hailey Chandler
546,Cheyenne Rose
547,Richard Petersen
548,Kathryn Gray
549,Victor Collins
550,Jason Hernandez
551,Jacob Torres
552,Erin Hernandez
553,Jacob Guzman
554,Mike Armstrong
555,Cindy Rowland
556,Kenneth Matthews
557,Susan Valdez
558,Stephanie Manning
559,Logan Galloway
560,Christopher Stone
561,Megan Pitts
562,Richard Gardner
563,Samuel Moore
564,Robert Stokes
565,Danielle Ramirez
566,Taylor White
567,Jordan Krause
568,Kimberly King
569,Sharon Russell
570,Kevin Cooper
571,Darrell Ramos
572,Dr. Terry Alvarado
573,Kathy Wilson
574,Brandon Le
575,Mary Wright
576,Douglas Reynolds
577,Leroy Harris
578,Ricardo Dixon
579,Debra Smith
580,Jasmine James
581,Felicia Morton
582,Sylvia Jenkins
583,Elizabeth White
584,Steven Steele
585,Amanda Ramirez
586,Kyle Jackson
587,Sharon Wilkins
588,Austin Hammond
589,Jessica Barajas
590,Jamie Jimenez
591,James Carter
592,John Williams
593,Alicia Oneill
594,Rebecca Huff
595,Diana Scott
596,Brian Young
597,Susan Wright
598,Kayla Banks
599,Zachary Pierce
600,Nicolas Owen
601,Martha Carney
602,Francisco Hicks
603,Matthew Parker
604,Paul Bryant
605,Bruce Dennis
606,Joseph Bates
607,Kelly Pacheco
608,Jeffrey Weber
609,Andrew Krueger
610,Kathleen Cox
611,Jamie Bradley
612,Robert Martinez
613,Christopher Rogers
614,Roberto Parrish
615,Amber Kennedy
616,Maria Davis
617,Terry Gilbert
618,Devon Schmitt
619,Robert Mosley
620,Paul Scott
621,Kristin Alvarez
622,Kevin Jackson
623,Mrs. Lauren Potter DDS
624,Jason Brown
625,Jamie Santos
626,James Taylor
627,Alicia Vincent
628,Kenneth Adams
629,Shelby Browning
630,Johnny Hill
631,Nicholas Tucker
632,Theresa Cline
633,Christine Wheeler
634,Carlos Wells
635,Randall Bell
636,Kendra Mckinney
637,Amanda Kim
638,Megan Morgan
639,Vincent Kramer
640,Raymond Bean
641,Reginald Hebert
642,Jeremy Vazquez
643,Michael Stewart
644,Kevin Johnson
645,Tara Hughes
646,Sandra Perkins
647,Heather Bell
648,Nancy Boyd
649,Raymond Reyes
650,Cassandra Jordan
651,Evelyn Harris
652,Shannon Maynard
653,Marie James
654,Maria Carroll
655,Jessica Sloan
656,Scott Craig
657,Kaitlin Brown
658,William Beck
659,Eric Mason
660,Lisa Lowe
661,Roy Miller
662,Christopher Espinoza
663,Claire Cole
664,Eric Nunez
665,David Bell
666,Patrick Hensley MD
667,John Cox
668,Michelle Sullivan
669,Angela Todd
670,Luke Saunders
671,Dr. Jennifer Benton DVM
672,Keith Smith
673,Danielle Mitchell
674,Jesus Hernandez
675,Jason Norman
676,Laura Poole
677,Sarah Wagner
678,Bryan Baird
679,Amy Thompson
680,Ashley Wright
681,Michelle Lynch
682,Ryan Hale
683,Marie Jefferson
684,Vanessa Smith
685,Ryan Foster
686,David Lara
687,Jonathan Young
688,Debra Townsend
689,John Thomas
690,Bryan Anderson
691,Sarah Miller
692,Robert Hill
693,Joshua Rojas
694,Angelica Lewis
695,Jessica Russell
696,Mary Johnson
697,Joseph Knight
698,Jessica Greene
699,Vincent Perez
700,Dennis Rivera
701,Nancy Keller
702,Michelle Anderson
703,Anthony May
704,Michelle Guerra
705,Meghan Ballard
706,Brian Wheeler
707,William Rosario
708,Jessica Hunt
709,Tony Chavez
710,Mary Crawford
711,Roger Morrison
712,Bethany Harrison
713,Lisa Mcintyre
714,Carolyn Gonzalez
715,Christina Oconnell
716,James Garcia
717,Emily Frederick
718,Shawn Wise
719,Carrie Alvarez
720,Matthew James
721,Jerry Alvarado
722,Paul Zimmerman
723,Carl Ryan
724,Kelly Roberts
725,Jack Woods
726,Albert Alexander Jr.
727,Teresa Perez
728,Amanda Williams
729,Kristen Lawson
730,Jacob Stewart
731,Daniel Brooks
732,Aaron Dunn
733,Jacob Martinez
734,Raymond Burgess
735,Jennifer Cooke
736,Tyrone White
737,Charles Williams
738,Amy Page
739,Scott Gibbs
740,Angela Roberts
741,Kyle Hernandez
742,Cynthia Ferguson
743,Brandi Garcia
744,Matthew Blake
745,Lauren Howell
746,Joseph Wilson
747,Tanner Vance
748,Michael Nash
749,Brent Thomas
750,Harold Mitchell
751,Ashley Palmer
752,Stephen Hogan
753,George Ashley
754,Sara Bailey
755,Tanya Thomas MD
756,Maria Galvan
757,Duane Kelly
758,Frank Reynolds
759,Aaron Kim
760,David Allen
761,Monica Lee
762,Kimberly Fuller
763,Erica Scott
764,Melissa Mitchell
765,Joshua Murray
766,John Jones
767,Cheryl Johnson
768,Lisa Farmer
769,Christopher Walker
770,Elizabeth Coffey
771,Joseph Clark
772,Jamie Brewer
773,Lauren Boyer
774,Howard Esparza
775,James Hickman
776,Jennifer Hernandez
777,Shannon Warren
778,Ashley Aguilar
779,Daniel Price
780,James Perez
781,Jerry Smith
782,Andre Fernandez
783,Anthony West
784,Amber Flowers
785,Patricia Davis
786,Jasmine Gibbs
787,Nicole Dudley
788,Lori Colon
789,William Carr
790,Jeffrey Dixon
791,Robert Sexton
792,Brooke Gonzalez
793,Victoria Bryant MD
794,Nancy Kennedy
795,Andrew Barry
796,Carlos Wheeler
797,Isabella Roach
798,Samantha Williams
799,Samuel Little MD
800,Paul Taylor
801,Susan Baker
802,Mark Fry
803,Megan Mclean
804,Caitlin Hunt
805,Jenna Holland
806,Stephanie Oconnell
807,Andrea Hill
